path,similarity.max_token_overlap_ratio,validation.dup_candidate_threshold,validation.dup_candidate_warn_max_share
lanes/lane_01_identity/lane_de.yaml,0.3,0.3,0.35
lanes/lane_01_identity/lane_en.yaml,0.3,0.3,0.35
lanes/lane_01_identity/lane_es.yaml,0.3,0.3,0.35
lanes/lane_01_identity/lane_fr.yaml,0.3,0.3,0.35
lanes/lane_01_identity/lane_hi.yaml,0.3,0.3,0.35
lanes/lane_01_identity/lane_it.yaml,0.3,0.3,0.35
lanes/lane_01_identity/lane_ja.yaml,0.3,0.3,0.35
lanes/lane_01_identity/lane_ko.yaml,0.3,0.3,0.35
lanes/lane_01_identity/lane_pt-br.yaml,0.3,0.3,0.35
lanes/lane_01_identity/lane_th.yaml,0.3,0.3,0.35
lanes/lane_01_identity/lane_vi.yaml,0.3,0.3,0.35
lanes/lane_01_identity/lane_zh-hans.yaml,0.3,0.3,0.35
lanes/lane_01_identity/lane_zh-hant.yaml,0.3,0.3,0.35
lanes/lane_01_identity/lane_zh-hk.yaml,0.3,0.3,0.35
lanes/lane_02_tone_behaviour_foundation/lane_de.yaml,0.3,0.3,0.35
lanes/lane_02_tone_behaviour_foundation/lane_en.yaml,0.3,0.3,0.35
lanes/lane_02_tone_behaviour_foundation/lane_es.yaml,0.3,0.3,0.35
lanes/lane_02_tone_behaviour_foundation/lane_fr.yaml,0.3,0.3,0.35
lanes/lane_02_tone_behaviour_foundation/lane_hi.yaml,0.3,0.3,0.35
lanes/lane_02_tone_behaviour_foundation/lane_it.yaml,0.3,0.3,0.35
lanes/lane_02_tone_behaviour_foundation/lane_ja.yaml,0.3,0.3,0.35
lanes/lane_02_tone_behaviour_foundation/lane_ko.yaml,0.3,0.3,0.35
lanes/lane_02_tone_behaviour_foundation/lane_pt-br.yaml,0.3,0.3,0.35
lanes/lane_02_tone_behaviour_foundation/lane_th.yaml,0.3,0.3,0.35
lanes/lane_02_tone_behaviour_foundation/lane_vi.yaml,0.3,0.3,0.35
lanes/lane_02_tone_behaviour_foundation/lane_zh-hans.yaml,0.3,0.3,0.35
lanes/lane_02_tone_behaviour_foundation/lane_zh-hant.yaml,0.3,0.3,0.35
lanes/lane_02_tone_behaviour_foundation/lane_zh-hk.yaml,0.3,0.3,0.35
lanes/lane_03_think_mode/lane_de.yaml,0.3,0.3,0.35
lanes/lane_03_think_mode/lane_en.yaml,0.3,0.3,0.35
lanes/lane_03_think_mode/lane_es.yaml,0.3,0.3,0.35
lanes/lane_03_think_mode/lane_fr.yaml,0.3,0.3,0.35
lanes/lane_03_think_mode/lane_hi.yaml,0.3,0.3,0.35
lanes/lane_03_think_mode/lane_it.yaml,0.3,0.3,0.35
lanes/lane_03_think_mode/lane_ja.yaml,0.3,0.3,0.35
lanes/lane_03_think_mode/lane_ko.yaml,0.3,0.3,0.35
lanes/lane_03_think_mode/lane_pt-br.yaml,0.3,0.3,0.35
lanes/lane_03_think_mode/lane_th.yaml,0.3,0.3,0.35
lanes/lane_03_think_mode/lane_vi.yaml,0.3,0.3,0.35
lanes/lane_03_think_mode/lane_yaml/lane_de.yaml,0.3,0.3,0.35
lanes/lane_03_think_mode/lane_yaml/lane_en.yaml,0.3,0.3,0.35
lanes/lane_03_think_mode/lane_yaml/lane_es.yaml,0.3,0.3,0.35
lanes/lane_03_think_mode/lane_yaml/lane_fr.yaml,0.3,0.3,0.35
lanes/lane_03_think_mode/lane_yaml/lane_hi.yaml,0.3,0.3,0.35
lanes/lane_03_think_mode/lane_yaml/lane_it.yaml,0.3,0.3,0.35
lanes/lane_03_think_mode/lane_yaml/lane_ja.yaml,0.3,0.3,0.35
lanes/lane_03_think_mode/lane_yaml/lane_ko.yaml,0.3,0.3,0.35
lanes/lane_03_think_mode/lane_yaml/lane_pt-br.yaml,0.3,0.3,0.35
lanes/lane_03_think_mode/lane_yaml/lane_th.yaml,0.3,0.3,0.35
lanes/lane_03_think_mode/lane_yaml/lane_vi.yaml,0.3,0.3,0.35
lanes/lane_03_think_mode/lane_yaml/lane_zh-hans.yaml,0.3,0.3,0.35
lanes/lane_03_think_mode/lane_yaml/lane_zh-hant.yaml,0.3,0.3,0.35
lanes/lane_03_think_mode/lane_yaml/lane_zh-hk.yaml,0.3,0.3,0.35
lanes/lane_03_think_mode/lane_zh-hans.yaml,0.3,0.3,0.35
lanes/lane_03_think_mode/lane_zh-hant.yaml,0.3,0.3,0.35
lanes/lane_03_think_mode/lane_zh-hk.yaml,0.3,0.3,0.35
lanes/lane_04_quick_mode/lane_de.yaml,0.3,0.3,0.35
lanes/lane_04_quick_mode/lane_en.yaml,0.3,0.3,0.35
lanes/lane_04_quick_mode/lane_es.yaml,0.3,0.3,0.35
lanes/lane_04_quick_mode/lane_fr.yaml,0.3,0.3,0.35
lanes/lane_04_quick_mode/lane_hi.yaml,0.3,0.3,0.35
lanes/lane_04_quick_mode/lane_it.yaml,0.3,0.3,0.35
lanes/lane_04_quick_mode/lane_ja.yaml,0.3,0.3,0.35
lanes/lane_04_quick_mode/lane_ko.yaml,0.3,0.3,0.35
lanes/lane_04_quick_mode/lane_pt-br.yaml,0.3,0.3,0.35
lanes/lane_04_quick_mode/lane_th.yaml,0.3,0.3,0.35
lanes/lane_04_quick_mode/lane_vi.yaml,0.3,0.3,0.35
lanes/lane_04_quick_mode/lane_zh-hans.yaml,0.3,0.3,0.35
lanes/lane_04_quick_mode/lane_zh-hant.yaml,0.3,0.3,0.35
lanes/lane_04_quick_mode/lane_zh-hk.yaml,0.3,0.3,0.35
lanes/lane_05_conversation_mode/lane_de.yaml,0.3,0.3,0.35
lanes/lane_05_conversation_mode/lane_en.yaml,0.3,0.3,0.35
lanes/lane_05_conversation_mode/lane_es.yaml,0.3,0.3,0.35
lanes/lane_05_conversation_mode/lane_fr.yaml,0.3,0.3,0.35
lanes/lane_05_conversation_mode/lane_hi.yaml,0.3,0.3,0.35
lanes/lane_05_conversation_mode/lane_it.yaml,0.3,0.3,0.35
lanes/lane_05_conversation_mode/lane_ja.yaml,0.3,0.3,0.35
lanes/lane_05_conversation_mode/lane_ko.yaml,0.3,0.3,0.35
lanes/lane_05_conversation_mode/lane_pt-br.yaml,0.3,0.3,0.35
lanes/lane_05_conversation_mode/lane_th.yaml,0.3,0.3,0.35
lanes/lane_05_conversation_mode/lane_vi.yaml,0.3,0.3,0.35
lanes/lane_05_conversation_mode/lane_zh-hans.yaml,0.3,0.3,0.35
lanes/lane_05_conversation_mode/lane_zh-hant.yaml,0.3,0.3,0.35
lanes/lane_05_conversation_mode/lane_zh-hk.yaml,0.3,0.3,0.35
lanes/lane_06_general_intent_classification/lane_de.yaml,0.3,0.3,0.35
lanes/lane_06_general_intent_classification/lane_en.yaml,0.3,0.3,0.35
lanes/lane_06_general_intent_classification/lane_es.yaml,0.3,0.3,0.35
lanes/lane_06_general_intent_classification/lane_fr.yaml,0.3,0.3,0.35
lanes/lane_06_general_intent_classification/lane_hi.yaml,0.3,0.3,0.35
lanes/lane_06_general_intent_classification/lane_it.yaml,0.3,0.3,0.35
lanes/lane_06_general_intent_classification/lane_ja.yaml,0.3,0.3,0.35
lanes/lane_06_general_intent_classification/lane_ko.yaml,0.3,0.3,0.35
lanes/lane_06_general_intent_classification/lane_pt-br.yaml,0.3,0.3,0.35
lanes/lane_06_general_intent_classification/lane_th.yaml,0.3,0.3,0.35
lanes/lane_06_general_intent_classification/lane_vi.yaml,0.3,0.3,0.35
lanes/lane_06_general_intent_classification/lane_zh-hans.yaml,0.3,0.3,0.35
lanes/lane_06_general_intent_classification/lane_zh-hant.yaml,0.3,0.3,0.35
lanes/lane_06_general_intent_classification/lane_zh-hk.yaml,0.3,0.3,0.35
lanes/lane_07_search_triggering/lane_de.yaml,0.3,0.3,0.35
lanes/lane_07_search_triggering/lane_en.yaml,0.3,0.3,0.35
lanes/lane_07_search_triggering/lane_es.yaml,0.3,0.3,0.35
lanes/lane_07_search_triggering/lane_fr.yaml,0.3,0.3,0.35
lanes/lane_07_search_triggering/lane_hi.yaml,0.3,0.3,0.35
lanes/lane_07_search_triggering/lane_it.yaml,0.3,0.3,0.35
lanes/lane_07_search_triggering/lane_ja.yaml,0.3,0.3,0.35
lanes/lane_07_search_triggering/lane_ko.yaml,0.3,0.3,0.35
lanes/lane_07_search_triggering/lane_pt-br.yaml,0.3,0.3,0.35
lanes/lane_07_search_triggering/lane_th.yaml,0.3,0.3,0.35
lanes/lane_07_search_triggering/lane_vi.yaml,0.3,0.3,0.35
lanes/lane_07_search_triggering/lane_zh-hans.yaml,0.3,0.3,0.35
lanes/lane_07_search_triggering/lane_zh-hant.yaml,0.3,0.3,0.35
lanes/lane_07_search_triggering/lane_zh-hk.yaml,0.3,0.3,0.35
lanes/lane_08_search_integration/lane_08_yaml/lane_de.yaml,0.3,0.3,0.35
lanes/lane_08_search_integration/lane_08_yaml/lane_en.yaml,0.3,0.3,0.35
lanes/lane_08_search_integration/lane_08_yaml/lane_es.yaml,0.3,0.3,0.35
lanes/lane_08_search_integration/lane_08_yaml/lane_fr.yaml,0.3,0.3,0.35
lanes/lane_08_search_integration/lane_08_yaml/lane_hi.yaml,0.3,0.3,0.35
lanes/lane_08_search_integration/lane_08_yaml/lane_it.yaml,0.3,0.3,0.35
lanes/lane_08_search_integration/lane_08_yaml/lane_ja.yaml,0.3,0.3,0.35
lanes/lane_08_search_integration/lane_08_yaml/lane_ko.yaml,0.3,0.3,0.35
lanes/lane_08_search_integration/lane_08_yaml/lane_pt-br.yaml,0.3,0.3,0.35
lanes/lane_08_search_integration/lane_08_yaml/lane_th.yaml,0.3,0.3,0.35
lanes/lane_08_search_integration/lane_08_yaml/lane_vi.yaml,0.3,0.3,0.35
lanes/lane_08_search_integration/lane_08_yaml/lane_zh-hans.yaml,0.3,0.3,0.35
lanes/lane_08_search_integration/lane_08_yaml/lane_zh-hant.yaml,0.3,0.3,0.35
lanes/lane_08_search_integration/lane_08_yaml/lane_zh-hk.yaml,0.3,0.3,0.35
lanes/lane_08_search_integration/lane_de.yaml,0.3,0.3,0.35
lanes/lane_08_search_integration/lane_en.yaml,0.3,0.3,0.35
lanes/lane_08_search_integration/lane_es.yaml,0.3,0.3,0.35
lanes/lane_08_search_integration/lane_fr.yaml,0.3,0.3,0.35
lanes/lane_08_search_integration/lane_hi.yaml,0.3,0.3,0.35
lanes/lane_08_search_integration/lane_it.yaml,0.3,0.3,0.35
lanes/lane_08_search_integration/lane_ja.yaml,0.3,0.3,0.35
lanes/lane_08_search_integration/lane_ko.yaml,0.3,0.3,0.35
lanes/lane_08_search_integration/lane_pt-br.yaml,0.3,0.3,0.35
lanes/lane_08_search_integration/lane_th.yaml,0.3,0.3,0.35
lanes/lane_08_search_integration/lane_vi.yaml,0.3,0.3,0.35
lanes/lane_08_search_integration/lane_zh-hans.yaml,0.3,0.3,0.35
lanes/lane_08_search_integration/lane_zh-hant.yaml,0.3,0.3,0.35
lanes/lane_08_search_integration/lane_zh-hk.yaml,0.3,0.3,0.35
lanes/lane_09_multi_step_action_flow/lane_de.yaml,0.3,0.3,0.35
lanes/lane_09_multi_step_action_flow/lane_en.yaml,0.3,0.3,0.35
lanes/lane_09_multi_step_action_flow/lane_es.yaml,0.3,0.3,0.35
lanes/lane_09_multi_step_action_flow/lane_fr.yaml,0.3,0.3,0.35
lanes/lane_09_multi_step_action_flow/lane_hi.yaml,0.3,0.3,0.35
lanes/lane_09_multi_step_action_flow/lane_it.yaml,0.3,0.3,0.35
lanes/lane_09_multi_step_action_flow/lane_ja.yaml,0.3,0.3,0.35
lanes/lane_09_multi_step_action_flow/lane_ko.yaml,0.3,0.3,0.35
lanes/lane_09_multi_step_action_flow/lane_pt-br.yaml,0.3,0.3,0.35
lanes/lane_09_multi_step_action_flow/lane_th.yaml,0.3,0.3,0.35
lanes/lane_09_multi_step_action_flow/lane_vi.yaml,0.3,0.3,0.35
lanes/lane_09_multi_step_action_flow/lane_zh-hans.yaml,0.3,0.3,0.35
lanes/lane_09_multi_step_action_flow/lane_zh-hant.yaml,0.3,0.3,0.35
lanes/lane_09_multi_step_action_flow/lane_zh-hk.yaml,0.3,0.3,0.35
lanes/lane_10_connector_intent_detection/lane_de.yaml,0.3,0.3,0.35
lanes/lane_10_connector_intent_detection/lane_en.yaml,0.3,0.3,0.35
lanes/lane_10_connector_intent_detection/lane_es.yaml,0.3,0.3,0.35
lanes/lane_10_connector_intent_detection/lane_fr.yaml,0.3,0.3,0.35
lanes/lane_10_connector_intent_detection/lane_hi.yaml,0.3,0.3,0.35
lanes/lane_10_connector_intent_detection/lane_it.yaml,0.3,0.3,0.35
lanes/lane_10_connector_intent_detection/lane_ja.yaml,0.3,0.3,0.35
lanes/lane_10_connector_intent_detection/lane_ko.yaml,0.3,0.3,0.35
lanes/lane_10_connector_intent_detection/lane_pt-br.yaml,0.3,0.3,0.35
lanes/lane_10_connector_intent_detection/lane_th.yaml,0.3,0.3,0.35
lanes/lane_10_connector_intent_detection/lane_vi.yaml,0.3,0.3,0.35
lanes/lane_10_connector_intent_detection/lane_zh-hans.yaml,0.3,0.3,0.35
lanes/lane_10_connector_intent_detection/lane_zh-hant.yaml,0.3,0.3,0.35
lanes/lane_10_connector_intent_detection/lane_zh-hk.yaml,0.3,0.3,0.35
lanes/lane_11_connector_action_mapping/lane_de.yaml,0.3,0.3,0.35
lanes/lane_11_connector_action_mapping/lane_en.yaml,0.3,0.3,0.35
lanes/lane_11_connector_action_mapping/lane_es.yaml,0.3,0.3,0.35
lanes/lane_11_connector_action_mapping/lane_fr.yaml,0.3,0.3,0.35
lanes/lane_11_connector_action_mapping/lane_hi.yaml,0.3,0.3,0.35
lanes/lane_11_connector_action_mapping/lane_it.yaml,0.3,0.3,0.35
lanes/lane_11_connector_action_mapping/lane_ja.yaml,0.3,0.3,0.35
lanes/lane_11_connector_action_mapping/lane_ko.yaml,0.3,0.3,0.35
lanes/lane_11_connector_action_mapping/lane_pt-br.yaml,0.3,0.3,0.35
lanes/lane_11_connector_action_mapping/lane_th.yaml,0.3,0.3,0.35
lanes/lane_11_connector_action_mapping/lane_vi.yaml,0.3,0.3,0.35
lanes/lane_11_connector_action_mapping/lane_zh-hans.yaml,0.3,0.3,0.35
lanes/lane_11_connector_action_mapping/lane_zh-hant.yaml,0.3,0.3,0.35
lanes/lane_11_connector_action_mapping/lane_zh-hk.yaml,0.3,0.3,0.35
lanes/lane_12_deeplink_action_mapping/lane_de.yaml,0.3,0.3,0.35
lanes/lane_12_deeplink_action_mapping/lane_en.yaml,0.3,0.3,0.35
lanes/lane_12_deeplink_action_mapping/lane_es.yaml,0.3,0.3,0.35
lanes/lane_12_deeplink_action_mapping/lane_fr.yaml,0.3,0.3,0.35
lanes/lane_12_deeplink_action_mapping/lane_hi.yaml,0.3,0.3,0.35
lanes/lane_12_deeplink_action_mapping/lane_it.yaml,0.3,0.3,0.35
lanes/lane_12_deeplink_action_mapping/lane_ja.yaml,0.3,0.3,0.35
lanes/lane_12_deeplink_action_mapping/lane_ko.yaml,0.3,0.3,0.35
lanes/lane_12_deeplink_action_mapping/lane_pt-br.yaml,0.3,0.3,0.35
lanes/lane_12_deeplink_action_mapping/lane_th.yaml,0.3,0.3,0.35
lanes/lane_12_deeplink_action_mapping/lane_vi.yaml,0.3,0.3,0.35
lanes/lane_12_deeplink_action_mapping/lane_zh-hans.yaml,0.3,0.3,0.35
lanes/lane_12_deeplink_action_mapping/lane_zh-hant.yaml,0.3,0.3,0.35
lanes/lane_12_deeplink_action_mapping/lane_zh-hk.yaml,0.3,0.3,0.35
lanes/lane_13_doc_export_spec/lane_de.yaml,0.3,0.3,0.35
lanes/lane_13_doc_export_spec/lane_en.yaml,0.3,0.3,0.35
lanes/lane_13_doc_export_spec/lane_es.yaml,0.3,0.3,0.35
lanes/lane_13_doc_export_spec/lane_fr.yaml,0.3,0.3,0.35
lanes/lane_13_doc_export_spec/lane_hi.yaml,0.3,0.3,0.35
lanes/lane_13_doc_export_spec/lane_it.yaml,0.3,0.3,0.35
lanes/lane_13_doc_export_spec/lane_ja.yaml,0.3,0.3,0.35
lanes/lane_13_doc_export_spec/lane_ko.yaml,0.3,0.3,0.35
lanes/lane_13_doc_export_spec/lane_pt-br.yaml,0.3,0.3,0.35
lanes/lane_13_doc_export_spec/lane_th.yaml,0.3,0.3,0.35
lanes/lane_13_doc_export_spec/lane_vi.yaml,0.3,0.3,0.35
lanes/lane_13_doc_export_spec/lane_zh-hans.yaml,0.3,0.3,0.35
lanes/lane_13_doc_export_spec/lane_zh-hant.yaml,0.3,0.3,0.35
lanes/lane_13_doc_export_spec/lane_zh-hk.yaml,0.3,0.3,0.35
lanes/lane_14_zip_wrap_spec/lane_de.yaml,0.3,0.3,0.35
lanes/lane_14_zip_wrap_spec/lane_en.yaml,0.3,0.3,0.35
lanes/lane_14_zip_wrap_spec/lane_es.yaml,0.3,0.3,0.35
lanes/lane_14_zip_wrap_spec/lane_fr.yaml,0.3,0.3,0.35
lanes/lane_14_zip_wrap_spec/lane_hi.yaml,0.3,0.3,0.35
lanes/lane_14_zip_wrap_spec/lane_it.yaml,0.3,0.3,0.35
lanes/lane_14_zip_wrap_spec/lane_ja.yaml,0.3,0.3,0.35
lanes/lane_14_zip_wrap_spec/lane_ko.yaml,0.3,0.3,0.35
lanes/lane_14_zip_wrap_spec/lane_pt-br.yaml,0.3,0.3,0.35
lanes/lane_14_zip_wrap_spec/lane_th.yaml,0.3,0.3,0.35
lanes/lane_14_zip_wrap_spec/lane_vi.yaml,0.3,0.3,0.35
lanes/lane_14_zip_wrap_spec/lane_zh-hans.yaml,0.3,0.3,0.35
lanes/lane_14_zip_wrap_spec/lane_zh-hant.yaml,0.3,0.3,0.35
lanes/lane_14_zip_wrap_spec/lane_zh-hk.yaml,0.3,0.3,0.35
lanes/lane_15_code_generation/lane_de.yaml,0.3,0.3,0.35
lanes/lane_15_code_generation/lane_en.yaml,0.3,0.3,0.35
lanes/lane_15_code_generation/lane_es.yaml,0.3,0.3,0.35
lanes/lane_15_code_generation/lane_fr.yaml,0.3,0.3,0.35
lanes/lane_15_code_generation/lane_hi.yaml,0.3,0.3,0.35
lanes/lane_15_code_generation/lane_it.yaml,0.3,0.3,0.35
lanes/lane_15_code_generation/lane_ja.yaml,0.3,0.3,0.35
lanes/lane_15_code_generation/lane_ko.yaml,0.3,0.3,0.35
lanes/lane_15_code_generation/lane_pt-br.yaml,0.3,0.3,0.35
lanes/lane_15_code_generation/lane_th.yaml,0.3,0.3,0.35
lanes/lane_15_code_generation/lane_vi.yaml,0.3,0.3,0.35
lanes/lane_15_code_generation/lane_zh-hans.yaml,0.3,0.3,0.35
lanes/lane_15_code_generation/lane_zh-hant.yaml,0.3,0.3,0.35
lanes/lane_15_code_generation/lane_zh-hk.yaml,0.3,0.3,0.35
lanes/lane_16_code_json_spec_mode/lane_de.yaml,0.3,0.3,0.35
lanes/lane_16_code_json_spec_mode/lane_en.yaml,0.3,0.3,0.35
lanes/lane_16_code_json_spec_mode/lane_es.yaml,0.3,0.3,0.35
lanes/lane_16_code_json_spec_mode/lane_fr.yaml,0.3,0.3,0.35
lanes/lane_16_code_json_spec_mode/lane_hi.yaml,0.3,0.3,0.35
lanes/lane_16_code_json_spec_mode/lane_it.yaml,0.3,0.3,0.35
lanes/lane_16_code_json_spec_mode/lane_ja.yaml,0.3,0.3,0.35
lanes/lane_16_code_json_spec_mode/lane_ko.yaml,0.3,0.3,0.35
lanes/lane_16_code_json_spec_mode/lane_pt-br.yaml,0.3,0.3,0.35
lanes/lane_16_code_json_spec_mode/lane_th.yaml,0.3,0.3,0.35
lanes/lane_16_code_json_spec_mode/lane_vi.yaml,0.3,0.3,0.35
lanes/lane_16_code_json_spec_mode/lane_zh-hans.yaml,0.3,0.3,0.35
lanes/lane_16_code_json_spec_mode/lane_zh-hant.yaml,0.3,0.3,0.35
lanes/lane_16_code_json_spec_mode/lane_zh-hk.yaml,0.3,0.3,0.35
lanes/lane_17_comparison_tables/lane_de.yaml,0.3,0.3,0.35
lanes/lane_17_comparison_tables/lane_en.yaml,0.3,0.3,0.35
lanes/lane_17_comparison_tables/lane_es.yaml,0.3,0.3,0.35
lanes/lane_17_comparison_tables/lane_fr.yaml,0.3,0.3,0.35
lanes/lane_17_comparison_tables/lane_hi.yaml,0.3,0.3,0.35
lanes/lane_17_comparison_tables/lane_it.yaml,0.3,0.3,0.35
lanes/lane_17_comparison_tables/lane_ja.yaml,0.3,0.3,0.35
lanes/lane_17_comparison_tables/lane_ko.yaml,0.3,0.3,0.35
lanes/lane_17_comparison_tables/lane_pt-br.yaml,0.3,0.3,0.35
lanes/lane_17_comparison_tables/lane_th.yaml,0.3,0.3,0.35
lanes/lane_17_comparison_tables/lane_vi.yaml,0.3,0.3,0.35
lanes/lane_17_comparison_tables/lane_zh-hans.yaml,0.3,0.3,0.35
lanes/lane_17_comparison_tables/lane_zh-hant.yaml,0.3,0.3,0.35
lanes/lane_17_comparison_tables/lane_zh-hk.yaml,0.3,0.3,0.35
lanes/lane_18_chart_spec/lane_de.yaml,0.3,0.3,0.35
lanes/lane_18_chart_spec/lane_en.yaml,0.3,0.3,0.35
lanes/lane_18_chart_spec/lane_es.yaml,0.3,0.3,0.35
lanes/lane_18_chart_spec/lane_fr.yaml,0.3,0.3,0.35
lanes/lane_18_chart_spec/lane_hi.yaml,0.3,0.3,0.35
lanes/lane_18_chart_spec/lane_it.yaml,0.3,0.3,0.35
lanes/lane_18_chart_spec/lane_ja.yaml,0.3,0.3,0.35
lanes/lane_18_chart_spec/lane_ko.yaml,0.3,0.3,0.35
lanes/lane_18_chart_spec/lane_pt-br.yaml,0.3,0.3,0.35
lanes/lane_18_chart_spec/lane_th.yaml,0.3,0.3,0.35
lanes/lane_18_chart_spec/lane_vi.yaml,0.3,0.3,0.35
lanes/lane_18_chart_spec/lane_zh-hans.yaml,0.3,0.3,0.35
lanes/lane_18_chart_spec/lane_zh-hant.yaml,0.3,0.3,0.35
lanes/lane_18_chart_spec/lane_zh-hk.yaml,0.3,0.3,0.35
lanes/lane_19_continuity_decision/lane_de.yaml,0.3,0.3,0.35
lanes/lane_19_continuity_decision/lane_en.yaml,0.3,0.3,0.35
lanes/lane_19_continuity_decision/lane_es.yaml,0.3,0.3,0.35
lanes/lane_19_continuity_decision/lane_fr.yaml,0.3,0.3,0.35
lanes/lane_19_continuity_decision/lane_hi.yaml,0.3,0.3,0.35
lanes/lane_19_continuity_decision/lane_it.yaml,0.3,0.3,0.35
lanes/lane_19_continuity_decision/lane_ja.yaml,0.3,0.3,0.35
lanes/lane_19_continuity_decision/lane_ko.yaml,0.3,0.3,0.35
lanes/lane_19_continuity_decision/lane_pt-br.yaml,0.3,0.3,0.35
lanes/lane_19_continuity_decision/lane_th.yaml,0.3,0.3,0.35
lanes/lane_19_continuity_decision/lane_vi.yaml,0.3,0.3,0.35
lanes/lane_19_continuity_decision/lane_zh-hans.yaml,0.3,0.3,0.35
lanes/lane_19_continuity_decision/lane_zh-hant.yaml,0.3,0.3,0.35
lanes/lane_19_continuity_decision/lane_zh-hk.yaml,0.3,0.3,0.35
lanes/lane_20_continuity_execution/lane_de.yaml,0.3,0.3,0.35
lanes/lane_20_continuity_execution/lane_en.yaml,0.3,0.3,0.35
lanes/lane_20_continuity_execution/lane_es.yaml,0.3,0.3,0.35
lanes/lane_20_continuity_execution/lane_fr.yaml,0.3,0.3,0.35
lanes/lane_20_continuity_execution/lane_hi.yaml,0.3,0.3,0.35
lanes/lane_20_continuity_execution/lane_it.yaml,0.3,0.3,0.35
lanes/lane_20_continuity_execution/lane_ja.yaml,0.3,0.3,0.35
lanes/lane_20_continuity_execution/lane_ko.yaml,0.3,0.3,0.35
lanes/lane_20_continuity_execution/lane_pt-br.yaml,0.3,0.3,0.35
lanes/lane_20_continuity_execution/lane_th.yaml,0.3,0.3,0.35
lanes/lane_20_continuity_execution/lane_vi.yaml,0.3,0.3,0.35
lanes/lane_20_continuity_execution/lane_zh-hans.yaml,0.3,0.3,0.35
lanes/lane_20_continuity_execution/lane_zh-hant.yaml,0.3,0.3,0.35
lanes/lane_20_continuity_execution/lane_zh-hk.yaml,0.3,0.3,0.35
lanes/lane_21_rewrite/lane_de.yaml,0.3,0.3,0.35
lanes/lane_21_rewrite/lane_en.yaml,0.3,0.3,0.35
lanes/lane_21_rewrite/lane_es.yaml,0.3,0.3,0.35
lanes/lane_21_rewrite/lane_fr.yaml,0.3,0.3,0.35
lanes/lane_21_rewrite/lane_hi.yaml,0.3,0.3,0.35
lanes/lane_21_rewrite/lane_it.yaml,0.3,0.3,0.35
lanes/lane_21_rewrite/lane_ja.yaml,0.3,0.3,0.35
lanes/lane_21_rewrite/lane_ko.yaml,0.3,0.3,0.35
lanes/lane_21_rewrite/lane_pt-br.yaml,0.3,0.3,0.35
lanes/lane_21_rewrite/lane_th.yaml,0.3,0.3,0.35
lanes/lane_21_rewrite/lane_vi.yaml,0.3,0.3,0.35
lanes/lane_21_rewrite/lane_zh-hans.yaml,0.3,0.3,0.35
lanes/lane_21_rewrite/lane_zh-hant.yaml,0.3,0.3,0.35
lanes/lane_21_rewrite/lane_zh-hk.yaml,0.3,0.3,0.35
lanes/lane_22_translate/lane_de.yaml,0.3,0.3,0.35
lanes/lane_22_translate/lane_en.yaml,0.3,0.3,0.35
lanes/lane_22_translate/lane_es.yaml,0.3,0.3,0.35
lanes/lane_22_translate/lane_fr.yaml,0.3,0.3,0.35
lanes/lane_22_translate/lane_hi.yaml,0.3,0.3,0.35
lanes/lane_22_translate/lane_it.yaml,0.3,0.3,0.35
lanes/lane_22_translate/lane_ja.yaml,0.3,0.3,0.35
lanes/lane_22_translate/lane_ko.yaml,0.3,0.3,0.35
lanes/lane_22_translate/lane_pt-br.yaml,0.3,0.3,0.35
lanes/lane_22_translate/lane_th.yaml,0.3,0.3,0.35
lanes/lane_22_translate/lane_vi.yaml,0.3,0.3,0.35
lanes/lane_22_translate/lane_zh-hans.yaml,0.3,0.3,0.35
lanes/lane_22_translate/lane_zh-hant.yaml,0.3,0.3,0.35
lanes/lane_22_translate/lane_zh-hk.yaml,0.3,0.3,0.35
lanes/lane_23_grammar_fix/lane_de.yaml,0.3,0.3,0.35
lanes/lane_23_grammar_fix/lane_en.yaml,0.3,0.3,0.35
lanes/lane_23_grammar_fix/lane_es.yaml,0.3,0.3,0.35
lanes/lane_23_grammar_fix/lane_fr.yaml,0.3,0.3,0.35
lanes/lane_23_grammar_fix/lane_hi.yaml,0.3,0.3,0.35
lanes/lane_23_grammar_fix/lane_it.yaml,0.3,0.3,0.35
lanes/lane_23_grammar_fix/lane_ja.yaml,0.3,0.3,0.35
lanes/lane_23_grammar_fix/lane_ko.yaml,0.3,0.3,0.35
lanes/lane_23_grammar_fix/lane_pt-br.yaml,0.3,0.3,0.35
lanes/lane_23_grammar_fix/lane_th.yaml,0.3,0.3,0.35
lanes/lane_23_grammar_fix/lane_vi.yaml,0.3,0.3,0.35
lanes/lane_23_grammar_fix/lane_zh-hans.yaml,0.3,0.3,0.35
lanes/lane_23_grammar_fix/lane_zh-hant.yaml,0.3,0.3,0.35
lanes/lane_23_grammar_fix/lane_zh-hk.yaml,0.3,0.3,0.35
lanes/lane_24_history_search_trigger/lane_de.yaml,0.3,0.3,0.35
lanes/lane_24_history_search_trigger/lane_en.yaml,0.3,0.3,0.35
lanes/lane_24_history_search_trigger/lane_es.yaml,0.3,0.3,0.35
lanes/lane_24_history_search_trigger/lane_fr.yaml,0.3,0.3,0.35
lanes/lane_24_history_search_trigger/lane_hi.yaml,0.3,0.3,0.35
lanes/lane_24_history_search_trigger/lane_it.yaml,0.3,0.3,0.35
lanes/lane_24_history_search_trigger/lane_ja.yaml,0.3,0.3,0.35
lanes/lane_24_history_search_trigger/lane_ko.yaml,0.3,0.3,0.35
lanes/lane_24_history_search_trigger/lane_pt-br.yaml,0.3,0.3,0.35
lanes/lane_24_history_search_trigger/lane_th.yaml,0.3,0.3,0.35
lanes/lane_24_history_search_trigger/lane_vi.yaml,0.3,0.3,0.35
lanes/lane_24_history_search_trigger/lane_zh-hans.yaml,0.3,0.3,0.35
lanes/lane_24_history_search_trigger/lane_zh-hant.yaml,0.3,0.3,0.35
lanes/lane_24_history_search_trigger/lane_zh-hk.yaml,0.3,0.3,0.35
lanes/lane_25_history_search_integration/lane_de.yaml,0.3,0.3,0.35
lanes/lane_25_history_search_integration/lane_en.yaml,0.3,0.3,0.35
lanes/lane_25_history_search_integration/lane_es.yaml,0.3,0.3,0.35
lanes/lane_25_history_search_integration/lane_fr.yaml,0.3,0.3,0.35
lanes/lane_25_history_search_integration/lane_hi.yaml,0.3,0.3,0.35
lanes/lane_25_history_search_integration/lane_it.yaml,0.3,0.3,0.35
lanes/lane_25_history_search_integration/lane_ja.yaml,0.3,0.3,0.35
lanes/lane_25_history_search_integration/lane_ko.yaml,0.3,0.3,0.35
lanes/lane_25_history_search_integration/lane_pt-br.yaml,0.3,0.3,0.35
lanes/lane_25_history_search_integration/lane_th.yaml,0.3,0.3,0.35
lanes/lane_25_history_search_integration/lane_vi.yaml,0.3,0.3,0.35
lanes/lane_25_history_search_integration/lane_zh-hans.yaml,0.3,0.3,0.35
lanes/lane_25_history_search_integration/lane_zh-hant.yaml,0.3,0.3,0.35
lanes/lane_25_history_search_integration/lane_zh-hk.yaml,0.3,0.3,0.35
lanes/lane_26_image_context_understanding/lane_de.yaml,0.3,0.3,0.35
lanes/lane_26_image_context_understanding/lane_en.yaml,0.3,0.3,0.35
lanes/lane_26_image_context_understanding/lane_es.yaml,0.3,0.3,0.35
lanes/lane_26_image_context_understanding/lane_fr.yaml,0.3,0.3,0.35
lanes/lane_26_image_context_understanding/lane_hi.yaml,0.3,0.3,0.35
lanes/lane_26_image_context_understanding/lane_it.yaml,0.3,0.3,0.35
lanes/lane_26_image_context_understanding/lane_ja.yaml,0.3,0.3,0.35
lanes/lane_26_image_context_understanding/lane_ko.yaml,0.3,0.3,0.35
lanes/lane_26_image_context_understanding/lane_pt-br.yaml,0.3,0.3,0.35
lanes/lane_26_image_context_understanding/lane_th.yaml,0.3,0.3,0.35
lanes/lane_26_image_context_understanding/lane_vi.yaml,0.3,0.3,0.35
lanes/lane_26_image_context_understanding/lane_zh-hans.yaml,0.3,0.3,0.35
lanes/lane_26_image_context_understanding/lane_zh-hant.yaml,0.3,0.3,0.35
lanes/lane_26_image_context_understanding/lane_zh-hk.yaml,0.3,0.3,0.35
lanes/lane_27_image_tooling/lane_de.yaml,0.3,0.3,0.35
lanes/lane_27_image_tooling/lane_en.yaml,0.3,0.3,0.35
lanes/lane_27_image_tooling/lane_es.yaml,0.3,0.3,0.35
lanes/lane_27_image_tooling/lane_fr.yaml,0.3,0.3,0.35
lanes/lane_27_image_tooling/lane_hi.yaml,0.3,0.3,0.35
lanes/lane_27_image_tooling/lane_it.yaml,0.3,0.3,0.35
lanes/lane_27_image_tooling/lane_ja.yaml,0.3,0.3,0.35
lanes/lane_27_image_tooling/lane_ko.yaml,0.3,0.3,0.35
lanes/lane_27_image_tooling/lane_pt-br.yaml,0.3,0.3,0.35
lanes/lane_27_image_tooling/lane_th.yaml,0.3,0.3,0.35
lanes/lane_27_image_tooling/lane_vi.yaml,0.3,0.3,0.35
lanes/lane_27_image_tooling/lane_zh-hans.yaml,0.3,0.3,0.35
lanes/lane_27_image_tooling/lane_zh-hant.yaml,0.3,0.3,0.35
lanes/lane_27_image_tooling/lane_zh-hk.yaml,0.3,0.3,0.35
lanes/lane_28_emote6_labeling/lane_de.yaml,0.3,0.3,0.35
lanes/lane_28_emote6_labeling/lane_en.yaml,0.3,0.3,0.35
lanes/lane_28_emote6_labeling/lane_es.yaml,0.3,0.3,0.35
lanes/lane_28_emote6_labeling/lane_fr.yaml,0.3,0.3,0.35
lanes/lane_28_emote6_labeling/lane_hi.yaml,0.3,0.3,0.35
lanes/lane_28_emote6_labeling/lane_it.yaml,0.3,0.3,0.35
lanes/lane_28_emote6_labeling/lane_ja.yaml,0.3,0.3,0.35
lanes/lane_28_emote6_labeling/lane_ko.yaml,0.3,0.3,0.35
lanes/lane_28_emote6_labeling/lane_pt-br.yaml,0.3,0.3,0.35
lanes/lane_28_emote6_labeling/lane_th.yaml,0.3,0.3,0.35
lanes/lane_28_emote6_labeling/lane_vi.yaml,0.3,0.3,0.35
lanes/lane_28_emote6_labeling/lane_zh-hans.yaml,0.3,0.3,0.35
lanes/lane_28_emote6_labeling/lane_zh-hant.yaml,0.3,0.3,0.35
lanes/lane_28_emote6_labeling/lane_zh-hk.yaml,0.3,0.3,0.35
lanes/lane_29_safety_history_politics/lane_de.yaml,0.3,0.3,0.35
lanes/lane_29_safety_history_politics/lane_en.yaml,0.3,0.3,0.35
lanes/lane_29_safety_history_politics/lane_es.yaml,0.3,0.3,0.35
lanes/lane_29_safety_history_politics/lane_fr.yaml,0.3,0.3,0.35
lanes/lane_29_safety_history_politics/lane_hi.yaml,0.3,0.3,0.35
lanes/lane_29_safety_history_politics/lane_it.yaml,0.3,0.3,0.35
lanes/lane_29_safety_history_politics/lane_ja.yaml,0.3,0.3,0.35
lanes/lane_29_safety_history_politics/lane_ko.yaml,0.3,0.3,0.35
lanes/lane_29_safety_history_politics/lane_pt-br.yaml,0.3,0.3,0.35
lanes/lane_29_safety_history_politics/lane_th.yaml,0.3,0.3,0.35
lanes/lane_29_safety_history_politics/lane_vi.yaml,0.3,0.3,0.35
lanes/lane_29_safety_history_politics/lane_zh-hans.yaml,0.3,0.3,0.35
lanes/lane_29_safety_history_politics/lane_zh-hant.yaml,0.3,0.3,0.35
lanes/lane_29_safety_history_politics/lane_zh-hk.yaml,0.3,0.3,0.35
lanes/lane_30_safety_no_leakage/lane_de.yaml,0.3,0.3,0.35
lanes/lane_30_safety_no_leakage/lane_en.yaml,0.3,0.3,0.35
lanes/lane_30_safety_no_leakage/lane_es.yaml,0.3,0.3,0.35
lanes/lane_30_safety_no_leakage/lane_fr.yaml,0.3,0.3,0.35
lanes/lane_30_safety_no_leakage/lane_hi.yaml,0.3,0.3,0.35
lanes/lane_30_safety_no_leakage/lane_it.yaml,0.3,0.3,0.35
lanes/lane_30_safety_no_leakage/lane_ja.yaml,0.3,0.3,0.35
lanes/lane_30_safety_no_leakage/lane_ko.yaml,0.3,0.3,0.35
lanes/lane_30_safety_no_leakage/lane_pt-br.yaml,0.3,0.3,0.35
lanes/lane_30_safety_no_leakage/lane_th.yaml,0.3,0.3,0.35
lanes/lane_30_safety_no_leakage/lane_vi.yaml,0.3,0.3,0.35
lanes/lane_30_safety_no_leakage/lane_zh-hans.yaml,0.3,0.3,0.35
lanes/lane_30_safety_no_leakage/lane_zh-hant.yaml,0.3,0.3,0.35
lanes/lane_30_safety_no_leakage/lane_zh-hk.yaml,0.3,0.3,0.35
lanes/lane_31_mode_selection/lane_de.yaml,0.3,0.3,0.35
lanes/lane_31_mode_selection/lane_en.yaml,0.3,0.3,0.35
lanes/lane_31_mode_selection/lane_es.yaml,0.3,0.3,0.35
lanes/lane_31_mode_selection/lane_fr.yaml,0.3,0.3,0.35
lanes/lane_31_mode_selection/lane_hi.yaml,0.3,0.3,0.35
lanes/lane_31_mode_selection/lane_it.yaml,0.3,0.3,0.35
lanes/lane_31_mode_selection/lane_ja.yaml,0.3,0.3,0.35
lanes/lane_31_mode_selection/lane_ko.yaml,0.3,0.3,0.35
lanes/lane_31_mode_selection/lane_pt-br.yaml,0.3,0.3,0.35
lanes/lane_31_mode_selection/lane_th.yaml,0.3,0.3,0.35
lanes/lane_31_mode_selection/lane_vi.yaml,0.3,0.3,0.35
lanes/lane_31_mode_selection/lane_zh-hans.yaml,0.3,0.3,0.35
lanes/lane_31_mode_selection/lane_zh-hant.yaml,0.3,0.3,0.35
lanes/lane_31_mode_selection/lane_zh-hk.yaml,0.3,0.3,0.35
lanes/lane_32_representation_choice/lane_de.yaml,0.3,0.3,0.35
lanes/lane_32_representation_choice/lane_en.yaml,0.3,0.3,0.35
lanes/lane_32_representation_choice/lane_es.yaml,0.3,0.3,0.35
lanes/lane_32_representation_choice/lane_fr.yaml,0.3,0.3,0.35
lanes/lane_32_representation_choice/lane_hi.yaml,0.3,0.3,0.35
lanes/lane_32_representation_choice/lane_it.yaml,0.3,0.3,0.35
lanes/lane_32_representation_choice/lane_ja.yaml,0.3,0.3,0.35
lanes/lane_32_representation_choice/lane_ko.yaml,0.3,0.3,0.35
lanes/lane_32_representation_choice/lane_pt-br.yaml,0.3,0.3,0.35
lanes/lane_32_representation_choice/lane_th.yaml,0.3,0.3,0.35
lanes/lane_32_representation_choice/lane_vi.yaml,0.3,0.3,0.35
lanes/lane_32_representation_choice/lane_zh-hans.yaml,0.3,0.3,0.35
lanes/lane_32_representation_choice/lane_zh-hant.yaml,0.3,0.3,0.35
lanes/lane_32_representation_choice/lane_zh-hk.yaml,0.3,0.3,0.35
lanes/lane_33_fallback_behavior/lane_de.yaml,0.3,0.3,0.35
lanes/lane_33_fallback_behavior/lane_en.yaml,0.3,0.3,0.35
lanes/lane_33_fallback_behavior/lane_es.yaml,0.3,0.3,0.35
lanes/lane_33_fallback_behavior/lane_fr.yaml,0.3,0.3,0.35
lanes/lane_33_fallback_behavior/lane_hi.yaml,0.3,0.3,0.35
lanes/lane_33_fallback_behavior/lane_it.yaml,0.3,0.3,0.35
lanes/lane_33_fallback_behavior/lane_ja.yaml,0.3,0.3,0.35
lanes/lane_33_fallback_behavior/lane_ko.yaml,0.3,0.3,0.35
lanes/lane_33_fallback_behavior/lane_pt-br.yaml,0.3,0.3,0.35
lanes/lane_33_fallback_behavior/lane_th.yaml,0.3,0.3,0.35
lanes/lane_33_fallback_behavior/lane_vi.yaml,0.3,0.3,0.35
lanes/lane_33_fallback_behavior/lane_zh-hans.yaml,0.3,0.3,0.35
lanes/lane_33_fallback_behavior/lane_zh-hant.yaml,0.3,0.3,0.35
lanes/lane_33_fallback_behavior/lane_zh-hk.yaml,0.3,0.3,0.35
lanes/lane_34_cantonese_ability/lane_en.yaml,0.3,0.3,0.35
lanes/lane_34_cantonese_ability/lane_zh-hk.yaml,0.3,0.3,0.35
lanes/lane_35_topic_hygiene/lane_de.yaml,0.3,0.3,0.35
lanes/lane_35_topic_hygiene/lane_en.yaml,0.3,0.3,0.35
lanes/lane_35_topic_hygiene/lane_es.yaml,0.3,0.3,0.35
lanes/lane_35_topic_hygiene/lane_fr.yaml,0.3,0.3,0.35
lanes/lane_35_topic_hygiene/lane_hi.yaml,0.3,0.3,0.35
lanes/lane_35_topic_hygiene/lane_it.yaml,0.3,0.3,0.35
lanes/lane_35_topic_hygiene/lane_ja.yaml,0.3,0.3,0.35
lanes/lane_35_topic_hygiene/lane_ko.yaml,0.3,0.3,0.35
lanes/lane_35_topic_hygiene/lane_pt-br.yaml,0.3,0.3,0.35
lanes/lane_35_topic_hygiene/lane_th.yaml,0.3,0.3,0.35
lanes/lane_35_topic_hygiene/lane_vi.yaml,0.3,0.3,0.35
lanes/lane_35_topic_hygiene/lane_zh-hans.yaml,0.3,0.3,0.35
lanes/lane_35_topic_hygiene/lane_zh-hant.yaml,0.3,0.3,0.35
lanes/lane_35_topic_hygiene/lane_zh-hk.yaml,0.3,0.3,0.35
lanes/lane_36_custom/lane_en.yaml,0.3,0.3,0.35
lanes/lane_37_deeplink_intent_detection/lane_de.yaml,0.3,0.3,0.35
lanes/lane_37_deeplink_intent_detection/lane_en.yaml,0.3,0.3,0.35
lanes/lane_37_deeplink_intent_detection/lane_es.yaml,0.3,0.3,0.35
lanes/lane_37_deeplink_intent_detection/lane_fr.yaml,0.3,0.3,0.35
lanes/lane_37_deeplink_intent_detection/lane_hi.yaml,0.3,0.3,0.35
lanes/lane_37_deeplink_intent_detection/lane_it.yaml,0.3,0.3,0.35
lanes/lane_37_deeplink_intent_detection/lane_ja.yaml,0.3,0.3,0.35
lanes/lane_37_deeplink_intent_detection/lane_ko.yaml,0.3,0.3,0.35
lanes/lane_37_deeplink_intent_detection/lane_pt-br.yaml,0.3,0.3,0.35
lanes/lane_37_deeplink_intent_detection/lane_th.yaml,0.3,0.3,0.35
lanes/lane_37_deeplink_intent_detection/lane_vi.yaml,0.3,0.3,0.35
lanes/lane_37_deeplink_intent_detection/lane_zh-hans.yaml,0.3,0.3,0.35
lanes/lane_37_deeplink_intent_detection/lane_zh-hant.yaml,0.3,0.3,0.35
lanes/lane_37_deeplink_intent_detection/lane_zh-hk.yaml,0.3,0.3,0.35
